Image 0,Image 1,"Homography Matrix[0,0]","[0,1]","[0,2]","[1,0]","[1,1]","[1,2]","[2,0]","[2,1]","[2,2]",Features Tracked,xmean,ymean,xsd,ysd,Mean Error Magnitude,Mean Homographic displacement,Homography SNR
KR2_140508_120000.JPG,KR2_140509_120000.JPG,0.9963595081087709,-0.00356330900530907,10.311582753543197,-0.0005592712310138286,0.9960107923007921,5.483619538623307,-3.770112699583125e-07,-9.10539947163626e-07,1.0,911,0.008902990083790255,-0.009727190583872898,0.41473760719479125,0.3585893886770651,0.3190711549070338,2.5290394931504077,0.1259845571006104
KR2_140509_120000.JPG,KR2_140510_120000.JPG,0.9996136498731291,-0.0019995576394801376,2.2478470724723616,0.00012077523305282131,0.9998665335511808,-2.6958929000080074,1.7147756965664147e-08,-2.477406314434945e-07,1.0,1189,-0.010333283179187108,0.009384992074482183,0.43293217608638135,0.35171948515626783,0.39649419359560506,2.2565162895567847,0.1754941309698079
KR2_140510_120000.JPG,KR2_140512_123000.JPG,0.9978102490327724,-0.0019042490411717013,6.393715058552318,-0.00037461907997103763,0.9986252376367829,1.8540775070347808,-2.3343286517073184e-07,-1.6580679481242434e-07,1.0,622,-0.0404623200707951,0.04723845947409259,1.0630786882487349,0.9761318000956904,0.6292328967258333,0.21091298415285828,4.148872266825043
KR2_140512_123000.JPG,KR2_140513_120000.JPG,0.9960812100301604,-0.003646395461827585,9.29046189591758,-0.0005385833846836871,0.9962379879693609,2.0402085726389116,-3.8208926328340285e-07,-9.254526921478158e-07,1.0,737,0.03297194032510903,-0.011793515027544058,0.9821578591722616,0.667037255160268,0.5098158698876075,1.4535691521219365,0.35209631522382606
KR2_140513_120000.JPG,KR2_140515_120000.JPG,1.0016790323955618,0.0019594004510130212,-3.4001481572620875,0.00018830300746556402,1.0018267796617955,0.4788469063280233,1.8905171930605606e-07,4.6678558068590337e-07,1.0,913,-0.02299550198966385,0.020865693223128198,0.7055019613104818,0.6322619918303914,0.5075400854893078,1.9158277465338343,0.2656895329248483
