Image 0, Image 1, Average xyz velocity, Features tracked, Average px velocity, Homography RMS Error, SNR
KR2_20140628_180000.JPG,KR2_20140630_153000.JPG,5.792690650413586,16180,12.81947361245905,0.24536654426888094,0.01914014191896405
KR2_20140630_153000.JPG,KR2_20140703_180000.JPG,8.724883105393523,11661,16.70769438025322,0.592067473065112,0.03543681489439231
KR2_20140703_180000.JPG,KR2_20140705_180000.JPG,10.747473901706915,3278,9.906081218224974,0.7578886667860126,0.07650741499995649
KR2_20140705_180000.JPG,KR2_20140707_180000.JPG,6.125282438763109,5411,13.271136358784913,0.24934064355205776,0.018788190913810114
