Image 0, Image 1, Average xyz velocity, Features tracked, Average px velocity, Homography RMS Error, SNR
KR2_140508_120000.JPG,KR2_140509_120000.JPG,2.97810583548385,10828,5.335321409814785,0.3190711549070338,0.059803548914611745
KR2_140509_120000.JPG,KR2_140510_120000.JPG,2.594168661824725,16686,5.400541525365144,0.39649419359560506,0.07341748817842801
KR2_140510_120000.JPG,KR2_140512_123000.JPG,5.122059322136813,12666,8.703346765405252,0.6292328967258333,0.07229780838182362
KR2_140512_123000.JPG,KR2_140513_120000.JPG,2.3944126723628174,6935,4.763946255333661,0.5098158698876075,0.10701545369384119
KR2_140513_120000.JPG,KR2_140515_120000.JPG,4.789776943731083,18095,6.715631648631353,0.5075400854893078,0.07557592673992841
