Image 0, Image 1, Average xyz velocity, Features tracked, Average px velocity, Homography RMS Error, SNR
KR2_140508_120000.JPG,KR2_140509_120000.JPG,2.97807970598,10828,5.3354429465,0.319064093957,0.0598008632379
KR2_140509_120000.JPG,KR2_140510_120000.JPG,2.59415782198,16686,5.40052126133,0.396492897,0.0734175235711
KR2_140510_120000.JPG,KR2_140512_123000.JPG,5.12215133178,12666,8.70321957942,0.629236887736,0.0722993234853
KR2_140512_123000.JPG,KR2_140513_120000.JPG,2.39441267525,6935,4.76393661938,0.509815429248,0.107015577658
KR2_140513_120000.JPG,KR2_140515_120000.JPG,4.7897794582,18095,6.71563781958,0.50754225231,0.0755761799468
