Image 0,Image 1,"Homography Matrix[0,0]","[0,1]","[0,2]","[1,0]","[1,1]","[1,2]","[2,0]","[2,1]","[2,2]",Features Tracked,xmean,ymean,xsd,ysd,Mean Error Magnitude,Mean Homographic displacement,Homography SNR
TU1_150819_180000.JPG,TU1_150820_180000.JPG,0.997396088772,-0.00913172592554,6.92779194941,-0.000207480369877,0.997145571736,2.56981406324,-1.85793020597e-07,-2.64053176052e-06,1.0,2218,-0.0379442142861,0.128620911707,2.14773294079,1.79776545548,1.13939059113,1.76398719183,0.629145616795
TU1_150820_180000.JPG,TU1_150821_105000.JPG,1.00008728697,0.000929582490741,1.07914510395,6.8065365747e-05,1.00002895873,2.68569924379,5.37680837488e-08,-6.40108131185e-08,1.0,1102,-0.0471062716121,-0.0401393280169,1.48315841632,1.19261949025,0.65253493151,3.21972896671,0.206979928087
TU1_150821_105000.JPG,TU1_150823_180000.JPG,0.999908179787,0.00383678423067,-3.50313435904,-0.00015372463961,1.00148591949,-2.02465088845,-1.51626826529e-07,1.00995795591e-06,1.0,1495,0.290504530018,0.247899839937,2.36135320507,2.78818470222,1.16694549149,2.42612167517,0.485493109305
