Image, UV length, XYZ length 
TU1_150819_180000.JPG,5601.9218846927315,2459.7499321557652
TU1_150820_180000.JPG,5480.951626263067,2395.7919202909875
TU1_150821_105000.JPG,5476.403504503984,2301.4950371009563
TU1_150823_180000.JPG,5508.303897968191,2458.492999855927
