Image,UV area,XYZ area 
KR1_140705_160000.JPG,1416973.5,301134.5025647215
KR1_140705_180000.JPG,669294.0,150946.24562010262
KR1_140705_200000.JPG,480882.0,116781.47146380786
KR1_140705_220000.JPG,147149.5,50784.26519376703
