Image,UV area,XYZ area 
KR1_140705_160000.JPG,1428176.5,307473.75157487206
KR1_140705_180000.JPG,711256.0,168171.6404401213
KR1_140705_200000.JPG,406693.5,99623.81969827414
KR1_140705_220000.JPG,128700.5,44811.992683537304
