Image 0,Image 1,"Homography Matrix[0,0]","[0,1]","[0,2]","[1,0]","[1,1]","[1,2]","[2,0]","[2,1]","[2,2]",Features Tracked,xmean,ymean,xsd,ysd,Mean Error Magnitude,Mean Homographic displacement,Homography SNR
KR1_140705_160000.JPG,KR1_140705_180000.JPG,0.999691907055,-0.000663735504731,0.515203466651,-3.87344931393e-06,0.999654565247,-0.404745867202,-2.02593603984e-08,-1.68610418417e-07,1.0,7111,0.00206431489257,-0.0051876559304,0.296608006995,0.256594386002,0.192668778118,0.644732702533,0.298796674056
KR1_140705_180000.JPG,KR1_140705_200000.JPG,0.999584739686,-0.000696337897328,1.23643248063,-8.08984809327e-05,0.999538083487,-0.591438790202,-2.86666312861e-08,-1.67267387062e-07,1.0,7009,-0.0011027643293,-0.000624315704787,0.120028222902,0.0975082090455,0.11966064901,1.04256840902,0.114819432444
KR1_140705_200000.JPG,KR1_140705_220000.JPG,0.999895359116,7.69649996813e-05,0.223651349734,-1.77040261564e-05,0.999967509647,-0.857635418911,-1.29928715697e-08,2.57251870261e-08,1.0,7419,-0.00145899149311,-0.00031169952701,0.0737108268443,0.0600770058075,0.0760235684825,0.930760783343,0.0815634331806
