Image 0,Image 1,"Homography Matrix[0,0]","[0,1]","[0,2]","[1,0]","[1,1]","[1,2]","[2,0]","[2,1]","[2,2]",Features Tracked,xmean,ymean,xsd,ysd,Mean Error Magnitude,Mean Homographic displacement,Homography SNR
KR2_140508_120000.JPG,KR2_140509_120000.JPG,0.9964625011410958,-0.004378495597415228,11.032248934783007,-0.0004997144952055862,0.995887492142566,5.563848693412853,-3.2908573938312724e-07,-1.0611584673957485e-06,1.0,792,-0.001096878943112895,-0.0009054245900689363,0.28609988040477957,0.22943127408706412,0.2989951030241506,2.7508152211480144,0.1081577440785704
KR2_140509_120000.JPG,KR2_140510_120000.JPG,0.9999529257642648,-0.001735209597781711,1.3546114683722053,0.00014600797989665988,1.000169965154506,-3.1139988306186943,4.9040322909808304e-08,-1.8064936971331769e-07,1.0,1161,-0.004011315120455544,0.004462570406713219,0.44990213903304305,0.3673833396124346,0.41387295585274886,2.4668698102443014,0.1676042605634401
KR2_140510_120000.JPG,KR2_140512_123000.JPG,0.9987137399559792,-0.00034316628680746124,3.904484484674351,-0.000314627220130677,0.9998760323710761,1.03194713707158,-1.6520549403508275e-07,2.362965106590454e-07,1.0,465,-0.010145028274166513,-0.014101636136935804,0.5471544915448697,0.373897072890001,0.4797912133762335,0.24759218136769692,2.8739194307622196
KR2_140512_123000.JPG,KR2_140513_120000.JPG,0.9992181837537635,-0.0004223876243390616,1.3296340458152314,-0.00015749316287323915,0.9994389959104775,-0.9252793503793909,-9.681210327729755e-08,-1.3141489437459937e-07,1.0,600,0.06003808019993888,-0.011933356778765945,1.1341280682627652,0.7622453266269035,0.48431957094986405,1.5921507171985074,0.3063410877973119
KR2_140513_120000.JPG,KR2_140515_120000.JPG,1.002361419771444,0.0028512418679689584,-5.316211063617311,0.00021545407871286076,1.0025164521699268,0.22902786822694263,2.4020555474343894e-07,6.583145828425584e-07,1.0,801,0.007912527032231616,-0.0024751857644962523,0.4425779411351112,0.3370312206702208,0.43991572921166994,2.094053571326762,0.21147004712305728
