Image 0,Image 1,"Homography Matrix[0,0]","[0,1]","[0,2]","[1,0]","[1,1]","[1,2]","[2,0]","[2,1]","[2,2]",Features Tracked,xmean,ymean,xsd,ysd,Mean Error Magnitude,Mean Homographic displacement,Homography SNR
KR2_140508_120000.JPG,KR2_140509_120000.JPG,0.9968975400199481,-0.003216619625307807,9.391034219994072,-0.0004709788297542215,0.9965159080967488,5.1347079032362,-3.1476886534623066e-07,-8.034469906448532e-07,1.0,911,0.009668857607707066,-0.010802808112360524,0.45205664992232947,0.3927530266021521,0.3461133936572935,2.7640488804770467,0.12506182028707385
KR2_140509_120000.JPG,KR2_140510_120000.JPG,0.9995787691858025,-0.0018037550159224753,2.0998001423770694,0.00010790959388406211,0.9999437632739167,-2.92572631006992,3.6321349521138153e-09,-1.9645061265715867e-07,0.9999999999999999,1189,-0.014773425835170939,0.011593725008423511,0.4734785080735412,0.38513432542746906,0.4336659801509662,2.4706542525962263,0.1753210975496399
KR2_140510_120000.JPG,KR2_140512_123000.JPG,0.9973915810969028,-0.0028208036496220634,7.757827395181363,-0.000395713044777259,0.9979736241709929,2.3159417340108575,-2.5048566930831547e-07,-3.952584042364954e-07,1.0,622,-0.040445682767468336,0.04681778054353175,1.1648383322782243,1.0692038239480226,0.6901522695751887,0.2297029306415578,4.193525633551224
KR2_140512_123000.JPG,KR2_140513_120000.JPG,0.995442786547339,-0.0039839525672361485,10.872698390783736,-0.0005918754653412949,0.9957228429419397,2.3388358663979405,-4.443677297075337e-07,-9.869669004756397e-07,1.0,737,0.023163639993170244,-0.009780080804501785,1.0890222327904628,0.7323266625676248,0.5747739418093282,1.5980886539270078,0.35874523323495916
KR2_140513_120000.JPG,KR2_140515_120000.JPG,1.0015664171468837,0.0021312562206987507,-3.263087202321478,0.00014810255619394263,1.0018398707080873,0.7462491272566296,1.648883889755642e-07,5.095131214361283e-07,1.0,913,-0.028312765533818566,0.023157938802695222,0.770829943609973,0.6913713953613111,0.5541430147415598,2.096612073459269,0.2651105305268717
