Image 0, Image 1, Average xyz velocity, Features tracked, Average px velocity, Homography RMS Error, SNR
KR2_140508_120000.JPG,KR2_140509_120000.JPG,3.226080735392928,10826,5.786018704906209,0.34626181503379433,0.05984457235511256
KR2_140509_120000.JPG,KR2_140510_120000.JPG,2.7607542676727848,16685,5.812057389219884,0.43349954670534574,0.07458624677543517
KR2_140510_120000.JPG,KR2_140512_123000.JPG,5.546547238687133,12695,9.862443313130282,0.690347132684042,0.0699975767429714
KR2_140512_123000.JPG,KR2_140513_120000.JPG,2.817869160049385,6736,5.308738661109881,0.5755577495778622,0.10841704335423666
KR2_140513_120000.JPG,KR2_140515_120000.JPG,5.311867099155474,18056,7.265089002640673,0.5543836278421939,0.07630789211814056
