Image 0, Image 1, Average xyz velocity, Features tracked, Average px velocity, Homography RMS Error, SNR
KR2_140508_120000.JPG,KR2_140509_120000.JPG,3.1039596294680605,10858,6.4821211757413,0.2989951030241506,0.046126120588906964
KR2_140509_120000.JPG,KR2_140510_120000.JPG,2.83321391441895,16686,5.8699169464380985,0.41387295585274886,0.07050746367099614
KR2_140510_120000.JPG,KR2_140512_123000.JPG,5.57638116406321,12800,8.777050266896287,0.4797912133762335,0.054664289116108225
KR2_140512_123000.JPG,KR2_140513_120000.JPG,2.2683131155294287,5565,4.561275743559727,0.48431957094986405,0.1061807262219779
KR2_140513_120000.JPG,KR2_140515_120000.JPG,5.06883258000908,18270,6.9856343490981985,0.43991572921166994,0.06297434237571571
