Image 0, Image 1, Average xyz velocity, Features tracked, Average px velocity, Homography RMS Error, SNR
K,R,2.936787719057774,10827,5.811503457602087,0.3461133936572935,0.05955660117598984
R,2,2.5475362933727643,16684,5.781407831122967,0.4336659801509662,0.07501044603987607
2,_,5.058218564433204,12695,9.876840907209841,0.6901522695751887,0.06987581110792168
_,2,2.5811688238282895,6730,5.302534694431636,0.5747739418093282,0.10839607375184493
