Image,UV area,XYZ area 
KR3_140625_183000.JPG,16650.0,32284.72304803529
KR3_140626_190000.JPG,18546.0,36075.04572937207
KR3_140627_213000.JPG,21433.0,38658.12571784604
KR3_140628_193000.JPG,3307.5,6192.716425649924
