Image 0,Image 1,"Homography Matrix[0,0]","[0,1]","[0,2]","[1,0]","[1,1]","[1,2]","[2,0]","[2,1]","[2,2]",Features Tracked,xmean,ymean,xsd,ysd,Mean Error Magnitude,Mean Homographic displacement,Homography SNR
KR3_140625_183000.JPG,KR3_140626_190000.JPG,0.999736042005441,-0.0003767302138013407,0.027149459134488126,-0.00031538837546678613,0.9998118159504482,0.9572432201793467,-1.8809312640884014e-08,-1.986795811409005e-07,1.0,3917,-0.004246548914093475,-0.0008991537329207526,0.4231965597673224,0.24190718859685037,0.31668547018833654,0.5201164389900205,0.8415602461213257
KR3_140626_190000.JPG,KR3_140627_213000.JPG,1.000118533641973,0.00042138636518839915,-0.8936024495425948,-0.00010081680200521745,1.0005536976795846,-0.7406753064684907,3.039201387472226e-08,5.804556849545159e-08,1.0,1970,-0.003843606933138837,0.007491773783072307,0.7925636153172764,0.5098993516313917,0.680137612547533,0.6873392115942087,1.0520183211656946
KR3_140627_213000.JPG,KR3_140628_193000.JPG,0.9998305942184916,0.00039722231709714414,-0.313544186927992,-0.0005124243198509146,1.0008976041454274,1.075176870172292,-6.180671118002171e-08,6.695287871640052e-08,1.0,1502,-0.009134657968539933,0.00030111659536603076,1.12316790788058,0.368038700623746,0.680272746169153,1.1224201695937783,0.6615506532574001
