Image,UV area,XYZ area 
KR3_140625_183000.JPG,16822.0,32638.78623893112
KR3_140626_190000.JPG,18563.5,36152.877942520194
KR3_140627_213000.JPG,21632.5,38902.060202844266
KR3_140628_193000.JPG,3336.5,6262.628826000277
