Image 0,Image 1,"Homography Matrix[0,0]","[0,1]","[0,2]","[1,0]","[1,1]","[1,2]","[2,0]","[2,1]","[2,2]",Features Tracked,xmean,ymean,xsd,ysd,Mean Error Magnitude,Mean Homographic displacement,Homography SNR
KR3_140625_183000.JPG,KR3_140626_190000.JPG,0.9998315798308092,-0.00018972374116530766,-0.14078304212184625,-0.00031579468207985277,1.0000287836062467,0.8474893370412508,-1.665380980061734e-08,-1.0080875989034779e-07,0.9999999999999999,3867,0.0071079935180984625,0.001362186228626711,0.40607349043446267,0.2390866481670918,0.3121560690596807,0.5290249928164281,0.7006278883419895
KR3_140626_190000.JPG,KR3_140627_213000.JPG,1.0009014825056148,0.002302789457451678,-2.7853910877698507,-0.00010331490165049622,1.0023890532099178,-1.7925370488453998,9.410354676538202e-09,8.691310570586066e-07,1.0,1956,0.06686116480285588,0.007963287933952796,0.7678753890587849,0.492055866702127,0.7041990267374617,0.7562965757467173,1.0498299336664283
KR3_140627_213000.JPG,KR3_140628_193000.JPG,0.9998071591907862,0.00023473682442313733,-0.18258268218838802,-0.00047710378183227973,1.0006945276795671,1.1736569743274734,-4.1917055338016185e-08,-1.7591466113910448e-08,1.0,1485,-0.005241837486838526,-0.011467343850958526,1.167168839248106,0.4764582672585721,0.6871956698685265,1.1199114615156254,0.7184137436045224
