Image 0,Image 1,"Homography Matrix[0,0]","[0,1]","[0,2]","[1,0]","[1,1]","[1,2]","[2,0]","[2,1]","[2,2]",Features Tracked,xmean,ymean,xsd,ysd,Mean Error Magnitude,Mean Homographic displacement,Homography SNR
KR2_20140628_180000.JPG,KR2_20140630_153000.JPG,0.9983769889996872,-0.0013023074918109498,4.396800338861397,-0.0003158913294947895,0.9989761401876125,0.6613048358872226,-1.9032828027715883e-07,-3.2275110373553126e-07,1.0,5946,-0.021416495267064725,-0.012437887020754289,0.30621537481594735,0.2661900041849096,0.25047897554417586,1.034005118521466,0.2393427308894512
KR2_20140630_153000.JPG,KR2_20140703_180000.JPG,1.002078680165905,-0.00058340051930205,-5.691097155531329,0.000996018713426436,1.0009701061516616,2.263748814792812,4.344339454107178e-07,-2.3639506714735475e-07,1.0,4898,-0.014369393409081065,0.02342149686472555,0.8082680226876064,0.690549404715755,0.5790602101815756,6.525823993164912,0.08603194858400255
KR2_20140703_180000.JPG,KR2_20140705_180000.JPG,1.0046008147467889,0.007423344649530501,-12.415370177265675,0.0009149058641066982,1.006556315977621,-5.798823328578113,2.945615382468981e-07,2.034373693055345e-06,1.0,4384,0.011226576920777599,0.0056056629311848,0.747489232446537,0.5203274835905806,0.6361019807187681,1.1263231991643627,0.5830132626675456
KR2_20140705_180000.JPG,KR2_20140707_180000.JPG,1.0000252818107302,-0.0003982134295127705,-0.2575933202710199,2.9904827695093095e-05,0.999966190329112,-0.752990993804743,4.132663182345417e-08,-1.2730267177689492e-07,0.9999999999999999,4964,3.099046659332165e-05,-0.0006417394535064956,0.3075596206271533,0.24106405932265182,0.2465370919169262,0.9268445907735281,0.25913845870370283
