Image,UV area,XYZ area 
KR3_140625_183000.JPG,16973.0,34440.7791733
KR3_140626_190000.JPG,18504.5,38137.7571807
KR3_140627_213000.JPG,21285.5,47102.6697261
KR3_140628_193000.JPG,3358.0,6071.68566777
