Image 0,Image 1,"Homography Matrix[0,0]","[0,1]","[0,2]","[1,0]","[1,1]","[1,2]","[2,0]","[2,1]","[2,2]",Features Tracked,xmean,ymean,xsd,ysd,Mean Error Magnitude,Mean Homographic displacement,Homography SNR
KR3_140625_183000.JPG,KR3_140626_190000.JPG,0.9997351218618256,-0.00037632099408502814,0.028528974212204277,-0.0003153789362038337,0.9998108829635097,0.9562909693447811,-1.8919083201605735e-08,-1.9877761330482157e-07,1.0,3917,-0.004236931853543486,-0.0008949946611671312,0.42293454524607627,0.2415857156759945,0.3163220603803779,0.5194669274784902,0.8413057558781625
KR3_140626_190000.JPG,KR3_140627_213000.JPG,1.0001187707353567,0.0004160234863498212,-0.888892675245038,-0.00010020756278704067,1.000550966956005,-0.7395891365215755,3.084913038169062e-08,5.661364548463182e-08,1.0,1970,-0.0038782613951807094,0.007496046461095123,0.7911353765354632,0.5092908458635651,0.6791371364606306,0.6863516375871151,1.051885692491234
KR3_140627_213000.JPG,KR3_140628_193000.JPG,0.9998311940087443,0.0004024131724364804,-0.31804124539496026,-0.0005127118034078359,1.0009019758489652,1.0689259647421474,-6.236357914333065e-08,6.920459053955996e-08,1.0,1502,-0.009092709816046134,0.0003023200354474476,1.120740052707475,0.36745790815291224,0.6791426076384277,1.120803322307389,0.6614262396571903
