Image 0,Image 1,"Homography Matrix[0,0]","[0,1]","[0,2]","[1,0]","[1,1]","[1,2]","[2,0]","[2,1]","[2,2]",Features Tracked,xmean,ymean,xsd,ysd,Mean Error Magnitude,Mean Homographic displacement,Homography SNR
KR3_140625_183000.JPG,KR3_140626_190000.JPG,0.9997360122309209,-0.0003768381177034519,0.02724622789207194,-0.00031540325090808165,0.999811766626968,0.957282389955493,-1.8811492757665125e-08,-1.987093594303464e-07,1.0,3917,-0.004247079582643525,-0.0008993782675818112,0.4231932691512326,0.24190632456663547,0.31668451036428236,0.5201121943270445,0.8415965460735075
KR3_140626_190000.JPG,KR3_140627_213000.JPG,1.0001185323696156,0.0004213822166645249,-0.8935988134886733,-0.0001008149025350029,1.00055368772722,-0.7406692536091963,3.0391902235409376e-08,5.804415656374456e-08,1.0,1970,-0.0038436220136728004,0.007491766845873711,0.7925642331498762,0.5098999203561203,0.6801383875073055,0.6873382395782862,1.0520192211035477
KR3_140627_213000.JPG,KR3_140628_193000.JPG,0.9998305881460015,0.0003971951907974258,-0.313521280886423,-0.0005124221278345079,1.0008975776053466,1.075190979733993,-6.180480360129634e-08,6.694092949280943e-08,1.0,1502,-0.00913422770653095,0.0003011766834491726,1.1231644024522345,0.36803834315240874,0.6802719083403266,1.1224196917980764,0.6615501142445014
